{
    "NVDA": 0.24,
    "META": 0.22700246932309026,
    "TSLA": 0.11533315200352016,
    "CRM": 0.04425344436533042,
    "REGN": 0.022899493882098516,
    "PLD": 0.020637039614756453,
    "BX": 0.018696997166876568,
    "MELI": 0.017844281553598403,
    "SHOP": 0.016624225518237813,
    "ICE": 0.015938792413153664,
    "DELL": 0.01367647777401635,
    "ABNB": 0.012761982731331199,
    "NU": 0.012169759527604226,
    "PLTR": 0.011938422980909002,
    "SPOT": 0.011783471866175975,
    "CRWD": 0.01135091989347133,
    "APO": 0.011181812741983944,
    "FTNT": 0.010044811919229724,
    "COF": 0.00939808269088053,
    "DASH": 0.009139858473501438,
    "TTD": 0.008830431986192136,
    "COIN": 0.00851727462719701,
    "WCN": 0.008294923083675576,
    "MPWR": 0.007967573617565529,
    "TEAM": 0.007385859585662468,
    "SQ": 0.007091789452745254,
    "CPNG": 0.007007285279447361,
    "DDOG": 0.006761599511168356,
    "VEEV": 0.005595557001462926,
    "SMCI": 0.005543205265183712,
    "APP": 0.005217324132842691,
    "ZS": 0.005152843720218741,
    "ARES": 0.005043938085965592,
    "RBLX": 0.0049401832523849835,
    "NET": 0.0047997184216151,
    "AXON": 0.004747726015953155,
    "IOT": 0.003996977555977396,
    "INVH": 0.003853410832796837,
    "ZM": 0.003825364090249135,
    "CHKP": 0.003611046543845687,
    "CVNA": 0.0033976762837512236,
    "HOOD": 0.0032664554457798155,
    "STLD": 0.003238306777515206,
    "DKNG": 0.002965176553395995,
    "OKTA": 0.00282011420056664,
    "GFL": 0.00274866459249333,
    "SNAP": 0.0027251306264390895,
    "UTHR": 0.0026858139026725075,
    "AKAM": 0.0026535623911100393,
    "VIK": 0.0026395707243605454
}