{
    "NVDA": 0.24,
    "META": 0.21351810255107068,
    "TSLA": 0.10966341606401564,
    "CRM": 0.03938896778374258,
    "BX": 0.016508022902020924,
    "REGN": 0.015918323463927585,
    "PLD": 0.015730789869220045,
    "SHOP": 0.015473679903735592,
    "MELI": 0.014993369281035144,
    "PLTR": 0.014022834148384015,
    "ICE": 0.013226532293831061,
    "DELL": 0.012582587486854244,
    "ABNB": 0.012161759311684946,
    "APO": 0.011301017842535593,
    "SPOT": 0.010796560755765024,
    "CRWD": 0.010708270449212642,
    "NU": 0.00917825243693871,
    "FTNT": 0.008944767117001824,
    "DASH": 0.00844530087622019,
    "COF": 0.008317756790970611,
    "TTD": 0.008233328976778557,
    "APP": 0.006948539780161021,
    "TEAM": 0.006882984218124136,
    "WCN": 0.006689312484528195,
    "CPNG": 0.006601559042216395,
    "MPWR": 0.006487551852252179,
    "DDOG": 0.006285231531217985,
    "SQ": 0.006249600313362243,
    "COIN": 0.005869938479441326,
    "VEEV": 0.004864703426714696,
    "AXON": 0.004652287892191772,
    "ARES": 0.004589668456380495,
    "NET": 0.004570429624803291,
    "ZS": 0.004241852652133842,
    "IOT": 0.004038879442920549,
    "SMCI": 0.00393266849587378,
    "RBLX": 0.0038851095606578356,
    "CVNA": 0.0034013655855506023,
    "HOOD": 0.003274375731060452,
    "CHKP": 0.003273185536642402,
    "ZM": 0.0031129573817973233,
    "INVH": 0.0029635585632117652,
    "STLD": 0.002872754310541359,
    "DKNG": 0.0026552940058004867,
    "SNAP": 0.0025551616289606386,
    "TOST": 0.0023673344120534318,
    "VIK": 0.0023473454215935815,
    "GFL": 0.0023008028311951685,
    "UTHR": 0.0022508617824500083,
    "AKAM": 0.002243121962469606,
    "CAVA": 0.002152050383541486,
    "GRAB": 0.002050043225809646,
    "Z": 0.002034257518992859,
    "MNDY": 0.00202406114322815,
    "UI": 0.0020205773880266143,
    "ZG": 0.0019731928862274455,
    "PCVX": 0.001969989608189579,
    "AFRM": 0.0019152509891205522,
    "OKTA": 0.0018939209750327515,
    "DUOL": 0.001825831125550506,
    "RPRX": 0.0017617291062481482,
    "RDDT": 0.0016877932617683645,
    "OWL": 0.0016787930631148396,
    "ROKU": 0.0016226045706616515,
    "MMYT": 0.0015988148803572416,
    "EPAM": 0.0015886966601651048,
    "RIVN": 0.0014879661181931548,
    "MBLY": 0.0014505165263338853,
    "SKX": 0.001443213850850765,
    "ALAB": 0.0014339682753688927,
    "AUR": 0.0014015513601589123,
    "KVYO": 0.0013939852638470333,
    "PAYC": 0.0013485042798236065,
    "WIX": 0.0013076590459269381,
    "GLOB": 0.001297367717904461,
    "AR": 0.001295982520228414,
    "PCOR": 0.001278170229333228,
    "GTLB": 0.0012479731944320127,
    "DBX": 0.0011809929566811753,
    "DOCS": 0.0011613537006225708,
    "ALTR": 0.001160697110578304,
    "S": 0.001159304948600808,
    "ITCI": 0.0011003053627866696,
    "PEN": 0.001089522427529512,
    "MASI": 0.0010856639322464404,
    "ZETA": 0.0010589289877112277,
    "TEM": 0.0010278661531114704,
    "CFLT": 0.0010128380314778057,
    "RBRK": 0.001001269213354792,
    "PATH": 0.0009918716765081586,
    "MTDR": 0.000972581081095446,
    "W": 0.0009544170211372945,
    "VRNS": 0.0009528183550375779,
    "JAZZ": 0.0009499507727050618,
    "PI": 0.0009262122820735116,
    "PEGA": 0.0009029354179884397,
    "FOUR": 0.0009027943965743467,
    "GLBE": 0.0008885275797181735,
    "INSP": 0.0008838356463191965
}