{
    "NVDA": 0.24,
    "META": 0.18478808949905196,
    "TSLA": 0.14010533612141543,
    "CRM": 0.041005904640376206,
    "BX": 0.01745384346712031,
    "PLTR": 0.017224557951747405,
    "SHOP": 0.014575365780477417,
    "PLD": 0.013264292706148272,
    "MELI": 0.012479692900720454,
    "DELL": 0.01220454054324691,
    "APP": 0.01206522005329417,
    "APO": 0.01184259331014045,
    "REGN": 0.011388682443044858,
    "ICE": 0.011320658836103073,
    "ABNB": 0.010774904728856229,
    "CRWD": 0.010535487690193149,
    "SPOT": 0.010338840790219834,
    "COIN": 0.01018873703495871,
    "NU": 0.009552201373465137,
    "FTNT": 0.009330211485391149,
    "DASH": 0.009121828556576086,
    "COF": 0.00910846203776293,
    "TEAM": 0.008036598097958203,
    "TTD": 0.008012913470111389,
    "SQ": 0.006444686645301882,
    "WCN": 0.0060028663867773115,
    "AXON": 0.005844659149094025,
    "CPNG": 0.005441513159122617,
    "DDOG": 0.005178106295966842,
    "VEEV": 0.004814519973248701,
    "RBLX": 0.004493989464551127,
    "ARES": 0.004342690883501348,
    "CVNA": 0.0040335511271190555,
    "NET": 0.004016064350593484,
    "MPWR": 0.003954548508731746,
    "ZS": 0.003819238196474398,
    "IOT": 0.00366764214231088,
    "HOOD": 0.0036393142965747355,
    "ZM": 0.003306214899354755,
    "STLD": 0.002862548633885904,
    "RDDT": 0.002847996793791137,
    "TOST": 0.002705611987791425,
    "DKNG": 0.0026333349090959103,
    "INVH": 0.0026012870107488574,
    "UI": 0.0025832927707843314,
    "SNAP": 0.002517810629803031,
    "CHKP": 0.0024608374284479186,
    "VIK": 0.0024074896838603196,
    "AFRM": 0.0022699798328833674,
    "UTHR": 0.0022439387558863067,
    "Z": 0.0022218471685596427,
    "GFL": 0.002184913901244027,
    "GRAB": 0.00217763130631257,
    "ZG": 0.0021459191547508354,
    "CAVA": 0.0021208221745180537,
    "ALAB": 0.0018365581093179972,
    "DUOL": 0.0017568988132039877,
    "EPAM": 0.0017318305473836106,
    "AKAM": 0.0017260671307202267,
    "MNDY": 0.0017223099768859192,
    "SMCI": 0.0017073789354329768,
    "MBLY": 0.001693968562408255,
    "OKTA": 0.0016726101308028494,
    "OWL": 0.0016552777360509593,
    "PAYC": 0.0016480047336057528,
    "PCVX": 0.0016213553462431566,
    "TEM": 0.0015339450212923677,
    "MMYT": 0.0014733211037270477,
    "RPRX": 0.0014700386094193294,
    "DOCS": 0.0014352800352687408,
    "RIVN": 0.0014143601770492435,
    "ROKU": 0.0014055190094395347,
    "PCOR": 0.0013175804715239838,
    "GLOB": 0.0012662330470751737,
    "WIX": 0.0012636473137775275,
    "AR": 0.0012369234058984386,
    "ITCI": 0.0012185252847617953,
    "GTLB": 0.0012111922358439375,
    "KVYO": 0.0011875797274304603,
    "AUR": 0.0011776835110414025,
    "PEN": 0.0011661173988360817,
    "SKX": 0.0011561197503444267,
    "CFLT": 0.0011268011672378078,
    "DBX": 0.001120163355047854,
    "BILL": 0.0011157692879374807,
    "ALTR": 0.001111977637800109,
    "ZETA": 0.001089011581866632,
    "S": 0.0010822343622884938,
    "MASI": 0.0010789319508213908,
    "RBRK": 0.0010105277156285419,
    "JAZZ": 0.0009646029311155475,
    "PATH": 0.0009588193551688987,
    "PEGA": 0.0009474148273252483,
    "RKLB": 0.0009213436662571383,
    "MTDR": 0.0008973859452798244,
    "FRHC": 0.000881455770270486,
    "FOUR": 0.0008804351673423121,
    "GLBE": 0.0008426119306904581,
    "DDS": 0.0007880695375654546,
    "HOMB": 0.0007722865461048096
}